sensors,0.5,1.0,1.5,2.0,2.5,3.0,3.5,4.0,4.5,5.0,5.5,6.0,6.5,7.0,7.5,8.0,8.5,9.0,9.5,10.0,10.5,11.0,11.5,12.0,12.5,13.0,13.5,14.0,14.5,15.0,15.5,16.0,16.5,17.0,17.5,18.0,18.5,19.0,19.5,20.0,20.5,21.0,21.5,22.0,22.5,23.0,23.5,0.0,0.5,1.0,1.5,2.0,2.5,3.0,3.5,4.0,4.5,5.0,5.5,6.0,6.5,7.0,7.5,8.0,8.5,9.0,9.5,10.0,10.5,11.0,11.5,12.0,12.5,13.0,13.5,14.0,14.5,15.0,15.5,16.0,16.5,17.0,17.5,18.0,18.5,19.0,19.5,20.0,20.5,21.0,21.5,22.0,22.5,23.0,23.5,0.0
0,36.5,36.5786981144,36.6388632498,36.67505289,36.6870122263,36.7694156306,36.9226880831,36.9806508839,37.2050780636,37.5428195572,38.2,38.4839186274,34.9330040642,31.2833207402,30.5426845015,29.7767107936,29.3294871629,29.6502864555,29.9291692448,30.5318312165,28.6,29.0205906728,29.0711975302,29.2161119924,28.7871261093,28.7168413155,29.0266521511,28.87479986,29.1261469098,29.6209189323,34.7,33.8438470276,33.1067145557,32.8232986967,36.0623031947,39.5246217621,40.4967278509,40.6943917174,40.6168097908,40.6604960555,38.0,38.1249029395,38.1203394969,38.1823959736,38.3049930992,38.4955641599,38.6496965193,38.7198774113,38.2333333333,38.3666666667,38.2,38.2622202328,38.2924352151,38.3898679667,38.5545804897,38.6199773092,38.8520112828,39.1859877429,39.485244457,39.755010114,34.9,31.249055648,30.5065419645,29.7380477134,29.289625485,29.6160289536,29.8969138916,30.4987973839,30.5908624504,30.6129206489,35.1,34.8142857143,36.0562912319,34.1147406805,34.1972904786,33.8033085981,34.0011259722,34.1152192953,33.8031614621,33.1874332095,39.1,37.9552193646,47.2987262701,57.5199020971,59.7736614208,59.6188466785,59.1592368681,59.583014176,59.8721608628,60.4519756339,41.0,41.0910411945,41.2700781235,41.5184081611,41.760802741,41.8345298615
1,37.2,37.2497530599,37.2763767883,37.3147670051,37.3665156499,37.3700034929,37.5450384078,37.5735347495,37.725261356,37.8669439653,38.8,38.9394172377,36.0872129152,33.1881316989,32.726124725,32.0866643247,31.9093892587,32.0066250104,32.2417391761,32.8935452153,32.1,32.4047334059,32.6448179435,32.9196113129,32.2514873276,32.2272887444,32.8696182033,32.6204978233,32.4859923589,32.8646584501,37.6,37.3304890739,36.9447280269,36.6526600071,37.7335899761,39.5323662653,40.5907600464,40.2842777933,40.2154452411,40.1999487436,39.0,39.0286307054,39.1861680293,39.1221840169,39.2506338208,39.2471288762,39.4335349091,39.5013907309,39.0,39.1,39.0,39.0641735349,39.1295248811,39.1602267406,39.3580255716,39.3909324279,39.556281831,39.7207456558,40.0202484804,40.1543629502,36.6,33.7142575928,33.2503331234,32.5859602633,32.4130506263,32.4702732003,32.6497869617,33.280274461,33.8526153766,34.0521410041,38.3,38.1724921041,38.0772969576,37.4583355216,37.8854859241,37.5864652789,37.1709010941,37.3258469818,37.1317653728,36.9324165552,41.9,41.0871549894,43.3562610333,47.7707121367,49.4261100345,49.1816656732,49.1078289658,49.287572999,49.2309332123,49.4859746111,41.9,41.807195492,41.9623963327,41.9869386931,42.2859343316,42.354908303
2,36.4,36.4585602588,36.493195308,36.5565532006,36.5619521592,36.5192668828,36.6961115741,36.7531673476,36.9531673476,37.3628613856,38.5,38.6906431295,34.1156800444,30.6784888841,29.8937702273,29.5316169734,29.5009893563,29.4014990877,29.9702153603,30.8616694727,29.9,30.3486800067,30.402029835,30.4513152748,29.7276035555,29.5474715176,30.1068264518,30.3632379034,30.3537184714,31.0405152938,35.8,36.0526176626,35.1139654266,34.5859890055,37.6240505011,40.2808072942,41.1835716713,41.8936455806,41.4628310758,41.6304577116,38.1,38.2374429224,38.298184846,38.3356253621,38.5285438137,38.5888428138,38.849235958,38.9180271138,38.1333333333,38.2666666667,38.6,38.705310052,38.7426915418,38.7107134609,38.914069051,38.9821284962,39.1821284962,39.5425597797,39.8772400219,40.0378637476,34.6,31.1648449274,30.3896537677,29.9899330215,29.9754700783,29.8581180837,30.3201964165,31.1809754869,31.7497473976,31.8960977473,36.2,35.7395282345,36.0073564451,34.8488095545,35.0916666956,34.813988121,34.7231526022,34.6582824627,34.4397182953,34.7096002419,39.9,38.5683816651,44.7504373656,50.5256876257,52.072033172,53.2061437736,52.4312998067,53.0651554345,52.8201441301,52.9771011631,40.8,40.8407571071,41.1087081348,41.1907821797,41.5268603891,41.597367091
3,36.2,36.2319836877,36.252519495,36.3025492751,36.22949755,36.22949755,36.3604472382,36.3784195156,36.5422081171,36.7182347139,38.0,38.1916671599,33.5651635348,30.686402495,30.2680478267,29.5826634623,29.3016920853,29.5169168769,30.4106255222,32.205786196,32.1,33.0557392626,32.9863177781,32.6863177781,31.4012853623,31.0153321569,31.5416081951,31.5828294222,31.458800511,31.9778616609,39.1,40.2657894737,38.5030228449,37.4817432046,38.7132146198,41.8726148069,42.3568986426,42.8282119123,42.9219131686,43.0036853334,38.4,38.5058199304,38.5970744615,38.693044039,38.7853123264,38.8111225325,38.9617672009,39.1227324574,38.4666666667,38.6,38.6,38.6993003762,38.6325443135,38.6325443135,38.8315775529,38.7989625399,39.0313221904,39.2309865432,39.431542286,39.6313427275,35.7,32.4583439443,32.1794485226,31.5247665227,31.212582775,31.184129857,31.6507487035,33.2351425453,34.1543775982,34.4788115442,38.9,38.6,39.1408945687,35.5268155573,35.4542567543,34.9838446529,34.973767283,34.6120573133,34.4843921242,35.2484181593,42.2,40.5557771664,41.6690165062,46.4836657497,47.0036941663,47.7121189586,47.9183271371,48.1743928124,48.1186330692,48.4701985713,41.2,41.3214188267,41.4648714604,41.5130975408,41.7366761613,41.9216394331
4,36.0,36.0973878345,36.0529569604,36.1759715448,36.0828848583,36.0828848583,36.2129028865,36.2317550723,36.4206538881,36.5141004259,37.6,37.6426739927,34.7597199921,31.7540084763,31.2945003678,30.9725954521,30.8510282285,30.6701825517,30.975436751,31.9045329506,30.5,31.9829676674,32.1387310632,31.7809664243,30.4616481529,30.1744473027,30.6230196217,30.5998011965,30.3998474431,30.8485698256,38.0,37.8754098361,37.0875754961,36.3316939891,39.718427735,42.2105739491,42.6185025592,42.6468029727,42.5738331195,42.6037295214,38.7,38.7158593419,38.746600866,38.7879255732,38.941318082,38.9252605156,39.154728439,39.3189210698,38.3666666667,38.5666666667,38.7,38.8695998292,38.7691352953,38.7691352953,38.9738376712,38.9369977786,39.1733168495,39.3093303403,39.4755273238,39.5078962213,36.7,33.6587238148,33.1470800807,32.6817047061,32.6308250886,32.3823985529,32.5092133797,33.3579279861,33.9288580657,34.4091025171,38.0,37.9960588399,39.3856288454,36.5028611545,36.5289644289,36.2874157066,36.2768987568,36.0183729252,35.6541289675,35.856422472,41.3,39.9696969697,45.8066114502,50.2073474301,50.8594196334,50.9209495513,50.7623006654,51.1012735977,51.8479841624,52.0578788587,41.4,41.4740895772,41.6433862829,41.6674548468,41.9731444198,42.1618042747
5,38.3,36.2,36.1715640692,36.255205241,36.1163931067,36.0303850155,36.3177004321,36.1375589946,36.4033802977,36.4520889978,36.5674720993,37.4,33.6375341219,30.3134826414,29.8487741053,29.6017485383,29.5386826718,29.373444998,30.0429051366,31.4382306189,32.5100220353,30.8,30.9468048946,30.591890842,28.7414038715,28.7710077671,29.4891211607,29.6978271905,29.5297713375,29.7676967403,30.2101089935,39.4,37.4751971954,35.226018449,40.0835415104,45.6289020317,46.5009966985,47.505154063,48.3150400974,48.5898269038,49.2247474086,38.5,38.4762325139,38.6122639481,38.6656791042,38.7567596957,38.9776797375,39.1254235565,38.3,38.4,38.4,38.7,38.5308516336,38.4296050244,38.8033414911,38.5289658587,38.8683141767,38.9728839754,39.035210251,39.1360146344,35.104616553,29.5,29.0570431616,28.8632129069,28.7612767441,28.6380094516,29.4530050348,30.968718293,32.1258475796,32.9262099729,32.9089599172,38.6,39.495412844,37.1410331837,36.7071394835,36.0913971269,35.7279046383,35.3532943626,34.5709502775,34.6775524872,34.1930754797,41.7,54.65,69.7359649123,71.8738514332,74.3622449628,76.8165459449,78.215577341,80.3290473131,80.9339006253,80.6075689965,41.1,41.1437540453,41.3012376098,41.5860133837,41.7199613618
6,39.2,37.2,37.1681704421,37.2501689944,37.176669073,37.1269323213,37.295589895,37.3774425063,37.5003459169,37.6144555731,37.7867323054,38.9,35.3484862077,32.3656496064,31.4963504255,30.8103200922,30.1863138558,29.7602914527,29.6942435015,30.4902669137,31.4828476342,28.6,29.5558040469,29.3205931676,25.4391289767,26.6487207119,26.6141239631,25.8556090081,25.5083787049,25.9392217673,27.2662493057,39.0,35.4030659172,34.3978173589,38.4245117962,41.5395712142,41.8698924959,42.3253921874,42.6641736538,43.0580309393,43.3469303124,39.4,39.6128763921,39.7813090491,39.9043617768,40.06834649,40.2462938039,40.4317422492,39.2,39.3333333333,39.3333333333,39.5,39.4678932223,39.4007095717,39.6016666664,39.6678696042,39.8015214331,39.9697930182,40.1706395957,40.3029230837,36.4899540138,31.8,30.9293881024,30.2503238147,29.5977249095,29.1919699756,29.1428523866,29.9368928531,30.9922612584,32.5429154568,32.6862017817,38.0,41.8592298981,36.2053429433,36.2523569735,36.1822872336,35.9464691864,35.7541426679,34.6584998574,34.271517353,33.141512643,41.5,50.5096774194,56.3154955266,56.4825550524,57.3805027669,58.278764694,59.6735573026,60.6393666419,60.979379115,61.692203999,41.9,42.0366906475,42.277968298,42.4823090999,42.6985886784
7,39.9333333333,38.1,38.0465238357,38.1797967472,38.0076945561,37.9452777684,38.1223893367,38.0452816792,38.2250714818,38.3019594713,38.582712101,39.5,36.0193009882,33.2693143569,32.3574444796,31.5587925057,30.9842784794,30.5124046905,30.2762558299,30.8587184117,31.8727527926,28.5,29.8474213171,29.5625566753,25.6309046392,26.4151281304,26.3955495291,25.8678490659,25.2739735221,25.5293808312,26.9649765635,38.8,36.300456621,36.3356454199,39.5870281951,41.7325719682,42.8913903602,43.3951337198,43.8772155666,43.9240156587,43.9374633444,40.7,41.2571428571,41.416874711,41.4658708656,41.6121628906,41.8859617416,41.8550179149,39.9333333333,40.1,40.0666666667,40.9,40.7352167414,40.6221941663,40.8750083293,40.7221928112,41.0189622929,41.0820872734,41.3887564831,41.3535900255,37.5687370812,32.6,31.6801643525,30.882417027,30.2802670001,29.8272684638,29.6115998344,30.2046629158,31.2728550594,33.0150269749,33.1653272811,38.1,41.1832742579,37.2485919251,37.1224008867,36.9592982335,37.1062587288,36.7833964601,35.1950600151,34.3079265284,33.8830002518,42.2,47.3694235589,49.6216557891,51.7617586759,52.495997088,53.4047066401,53.6049808385,53.8620495599,53.7366687773,55.2250022614,43.3,43.3415187989,43.5497149437,43.8688472541,43.8107042617
8,39.9666666667,38.4,38.3774542693,38.5108417529,38.4434714139,38.2266876756,38.4861419362,38.3979155134,38.5863965508,38.4928399994,38.693153688,39.2,36.1229102705,33.5927149378,32.8738364808,32.1738376924,31.8822595249,31.506232643,31.3810824538,32.0576063342,32.9117538175,30.2,30.3190163136,29.8886383167,26.9397582104,28.1772252978,28.4075081301,28.3127194809,28.0859537497,28.4032713484,29.27432573,39.3,37.4805743243,36.8118591504,39.6001963071,42.1182062,42.6297671157,43.1709354212,43.5519356343,43.5449631878,43.8661345163,40.4,40.6477154425,40.7229646017,40.9244180808,40.9802546184,41.2736932091,41.531884412,39.9666666667,40.1333333333,40.1333333333,40.6,40.5334669215,40.2969917421,40.6046891192,40.4627924965,40.704640782,40.6430790064,40.8430194544,40.8748670833,37.5596402249,33.4,32.6779319042,31.9835652053,31.6877780767,31.3214334946,31.197665901,31.8702233375,32.7391512769,34.2864681431,34.0771342042,39.9,41.9419286952,38.2864395679,38.3776047726,38.0527369701,37.9573975705,37.580796083,37.0572640665,37.2397676738,36.1894489983,43.1,48.5343623071,52.7609799833,54.1626221236,55.2146952028,56.1807356733,56.346906897,57.3278853028,57.7139850996,58.1870126675,43.2,43.4459791864,43.5383124358,43.9146135852,44.1890527601
9,42.1666666667,42.5,42.8315068493,43.031424,43.1656713325,43.2663208292,43.499849476,43.6662564995,43.79979009,44.0006076878,44.2021278354,43.4,37.2295938882,32.734071531,31.9922121251,31.6338397515,31.4069667725,31.4324809927,31.2996514171,31.8104174571,31.9583287586,36.5,35.278746594,35.7271980352,35.7180939498,35.1823074299,35.4714077228,35.3044135538,35.0384460973,34.5508095545,34.3683904928,39.4,38.9145426114,38.2444700801,40.307179741,42.6574286159,43.6164370266,44.1282866327,44.4670384546,46.1101670562,46.7231603731,41.5,41.8896313364,42.0977144432,42.2041031077,43.6074499298,44.9254234631,45.6834715708,42.1666666667,42.4333333333,42.7666666667,42.2,42.3225124316,42.4148229941,42.6458439975,42.8155845979,42.9465470729,43.1368674746,43.3188703383,43.3876907114,37.2197914974,39.3,38.6466357148,37.8561954953,37.5622682159,37.3229613275,37.1849030729,37.9299030258,37.9265044439,36.8356578195,35.5865091452,39.1,39.2741390839,38.273260135,38.6351743903,38.4134316817,38.1207951792,37.5615408701,37.0666037874,36.7895506455,36.5775883417,42.7,45.0423076923,47.6162922799,49.2052752101,49.8902188189,50.1857307142,52.4005577581,53.0227240837,50.5974066023,50.8088629246,44.3,44.3916679621,46.3795961095,47.9259214576,48.6428389278
10,42.8,42.9666666667,45.0,45.3586095629,45.5370971319,45.7370971319,45.8951423949,46.2581034422,46.434769687,46.5945387219,46.7861756664,46.9418676492,41.8,37.0400529723,35.5397636106,34.6058446123,34.1838867675,33.8075092099,33.6757449448,34.1927965777,34.3768237447,33.4224255348,35.3,35.5097483162,35.0496918795,34.3538162824,34.7085209076,34.577928412,34.497488355,34.2105343495,34.0097859758,33.7693006687,40.0,38.117563859,40.5229240912,45.9598819651,47.0175433651,47.643381008,47.901007145,49.4811010823,50.2013920905,49.2651448662,41.9,42.2849335598,42.3630973732,43.1267277226,44.5496534355,45.8202910863,42.8,42.9666666667,43.1666666667,43.5,43.5,43.7,43.8674348859,44.2344317456,44.4002073894,44.6037922117,44.7319303407,44.8632713831,38.6777559066,34.4369577644,41.1,40.2377745941,39.9136965746,39.1511803582,39.0228512121,39.5042577549,39.7262917997,38.0689948625,36.1105094237,36.3387894158,37.9,36.8200088879,37.1871037338,37.0001242644,36.9116989463,36.7096098227,36.2958488984,36.012566495,35.858269085,34.996183372,44.2,50.8387510226,52.2864938687,53.0730193311,53.2768718009,55.3403020288,56.234983951,54.8370235753,55.8447375744,56.876821759,44.9,45.8390905617,47.6350301516,49.137259224
11,41.5666666667,41.9666666667,42.3,42.7009053614,42.7692668572,42.66822713,42.96822713,43.0661687538,43.268227124,43.2682827558,43.3356336748,43.4694813571,39.5,35.6393761302,34.4990583782,34.5620559359,34.8710313395,34.8362002345,34.6326377331,34.8243910458,35.0190556668,33.5378152794,37.8,38.0249628529,38.1391882381,37.0706968014,37.2268990299,36.6377782837,36.0719905142,35.2795123411,34.5726964904,34.4949445583,41.2,39.9837476099,50.5635483573,62.6776796222,63.1547432187,64.0909250969,63.9653786919,66.4163346631,67.118463592,67.1852404192,41.4,41.6630443014,41.674431801,41.6474873499,42.6410754295,43.2972239423,41.5666666667,41.9666666667,42.2,42.6,41.6,41.5108093598,41.8108093598,41.9322089418,42.1108094216,42.1102310546,42.1697840004,42.2977699857,38.1803259,34.1997858937,42.2,41.1776501805,40.5963949648,40.5384518289,40.279916571,39.8300509356,39.9423856242,37.7218941941,35.609238725,35.8374567952,40.8,39.125,39.0572368421,38.2717438206,37.5718245517,36.5644578762,35.3495459615,35.2998435393,35.2279336155,35.0108319112,44.6,52.6901630627,53.0874621892,53.7950956055,53.7929684752,55.4284664295,55.9402311361,56.0448776229,57.0941611658,57.8504335538,44.1,43.9992012029,45.3033099872,46.1089499085
12,39.3333333333,39.8333333333,41.3,41.6351104272,41.9186485678,42.1758373552,42.5122687553,42.8115972187,43.0953518126,43.0972036331,43.3364677969,43.6377777254,38.4,32.3280749986,30.9030959783,30.5987584168,32.3706320545,32.9511993817,32.8225535725,32.7937548044,32.4842267773,31.7747808058,33.1,35.2693655202,34.8474761613,34.9027809208,35.3808913027,35.2741071546,35.1719471084,34.9931736283,34.6853791419,34.045410402,39.7,39.6624473842,41.695705402,44.1803078972,44.4924918208,44.88224054,44.8666897162,45.5886076982,45.8353799393,46.1142427599,40.3,40.7026852481,40.3952724529,39.7714116983,41.30123289,42.343377595,39.3333333333,39.8333333333,40.2666666667,40.6,41.4,41.6454275612,41.9803315511,42.2799910958,42.5553209925,42.5562598276,42.7925999708,43.0932640778,38.4067441991,32.3342614765,40.4,38.5505775375,38.985059723,39.1427630872,39.116119975,39.1859954474,38.6691331349,37.0287896712,35.9162505695,39.2548925225,38.5,38.3157250279,38.8540935641,38.6933218162,38.4536811627,37.9446096682,37.6263258488,36.8877117588,36.4112008258,36.5605342725,42.6,45.243248086,45.5674200569,45.9596353393,45.931736679,46.7023031135,46.964759532,47.252049685,47.9480076498,48.5278367092,43.1,42.1410641201,44.0950563985,45.3986876158
13,41.4666666667,42.1333333333,44.1,44.7902822254,45.0466638513,45.3034943959,45.6423756898,45.9639614038,46.3207899716,46.1374953046,46.4925672172,46.7650296564,36.8,29.4313817485,28.0973330125,28.8388949217,32.1857891893,34.1466457576,34.0448524986,33.7396945429,32.9811432945,32.1589716031,35.0,3.41730769231,2.56065337165,0.314679801429,-0.837876411117,0.402873487117,3.88705132921,6.86594528993,8.62885548399,8.45335730108,43.6,44.216,44.1982502136,45.0451116562,45.0451116562,45.4565487822,45.735656478,46.0762923121,46.2798295266,46.2711441242,42.3,42.7826604182,43.1349542505,44.0713441735,44.8465999338,45.2838322867,41.4666666667,42.1333333333,42.3,42.9333333333,43.4,43.6362496582,43.9702715693,44.3021468626,44.6383962755,44.4404696355,44.7181086009,45.0146908134,35.9108170238,28.5993995671,43.5,36.8923440845,33.9660011406,37.3344671587,37.2058747606,36.8236343682,35.1900711583,33.0402655033,32.1169054693,32.4145853764,41.5,43.1944700461,44.1878542006,44.0578691276,43.0750532998,43.0752867782,41.9989035899,41.1531058522,41.0224592124,41.5353575809,46.0,47.050809363,47.050809363,47.4216312476,47.7105984493,48.1174252838,48.3360839669,48.311168209,49.3615011477,50.0113227923,44.9,45.8954965358,46.7782193368,47.2632432519
14,38.4333333333,38.6666666667,39.0,39.267105037,39.5352905152,39.7361692022,40.1034834762,40.3707978488,40.6379390205,41.0048418313,41.4394088146,41.638579564,36.0,30.3017365601,28.5409327932,29.0443691905,31.7494123337,33.1093667563,33.177007444,32.9079800146,32.3371820131,31.5590425181,32.6,36.282928275,36.443153527,37.2819837635,37.9170437131,37.7818559354,37.497593556,37.3462935944,36.9455508467,36.2957627111,40.2,40.376841306,39.8949836041,40.3654913237,40.1360699818,40.1242950417,40.0949158183,40.3741745659,40.414355146,40.6354642359,38.4,38.7285210203,38.9944173873,39.3395017492,39.6914160974,40.0287809237,38.4333333333,38.6666666667,38.9,39.1666666667,39.6,39.8014363659,40.1691616589,40.436887113,40.7043294405,41.0713821256,41.5067320733,41.7053765196,36.0358083477,30.3381667414,39.6,37.0306307851,36.8280095709,37.4980798772,37.6658303944,37.1541638866,36.1587474979,34.2014312655,33.7813035636,39.1595109895,38.0,38.9185910136,39.5929442865,39.4758417668,39.0665662523,38.7900400571,38.3505692384,37.6338754651,37.5791715011,37.7798927935,42.1,42.792606646,42.4665414423,42.4013941924,42.324427965,42.6818802582,42.7000586428,42.9411922137,43.4550475951,43.9147990575,41.7,42.0769515012,42.5126828886,42.9000195457
15,37.6,37.9,38.0666666667,38.0,38.1649501451,38.3572850783,38.6897224116,38.9580376688,39.2855325039,39.7473769491,40.2395600637,40.5101699296,35.1782768523,32.0,30.7001022234,30.1461491499,30.9758205762,31.1186127601,30.994696083,30.748715764,30.3781141594,29.9066262032,29.5801976897,25.5,25.3901747544,25.5966862785,26.1148529768,26.0885856467,26.0158350515,26.4524838236,26.3704851518,26.4548784216,27.1494202735,37.1,38.9142684304,40.7676846516,40.8178220705,40.456998015,40.9620407355,41.3342589718,41.3603022644,41.6310711137,41.8713226531,37.6,37.831063333,38.2963534432,38.4766680781,38.6724472749,37.6,37.9,38.0666666667,38.4,38.5666666667,39.0,39.3338440223,39.5995710495,39.9362321247,40.4056472906,40.9101026447,41.1745218243,35.7357032361,30.0498241688,28.6279469558,30.6,31.3744030564,31.5038541168,31.3899069321,31.1409772783,30.7461375726,30.2268843584,29.8942925951,31.8998531491,31.3923470864,31.6,32.0389594225,32.1043581756,32.1434983168,32.1136466061,31.7988945573,31.4971565373,31.5848912807,31.9510943012,33.2109354765,38.8,38.9023016852,38.6444648248,39.1001105091,39.4067483921,39.4506086652,39.7043285239,39.910791932,40.4996545532,40.7569527216,41.2,41.4457662197,41.6381057165
16,40.2666666667,40.4333333333,40.6333333333,40.2,40.3571900963,40.5824767,40.9143326662,41.240639222,41.5013857445,42.019016625,42.6077410992,42.9473442445,35.8656568157,33.8,32.4409485192,31.6862690122,32.8380735266,33.3098907218,33.3730494776,33.6473255531,33.1985391706,32.2236170994,31.8897813912,27.8,27.6725226738,27.9376884693,28.423843772,28.0227046607,28.0565713993,28.5009364109,28.2359224779,28.2101243696,28.4225901956,38.8,40.7668449971,43.4658013676,43.593706058,43.3182852664,43.3549119385,43.5217747743,43.753354923,44.2839021918,44.747263059,39.8,40.0793754955,40.326440184,40.5796230714,40.6512070476,40.2666666667,40.4333333333,40.6333333333,40.8333333333,41.0,41.6,41.934165623,42.2714575625,42.5414594023,43.0836388712,43.6899910527,44.0197922241,36.7010276368,29.3778051953,27.6067902812,31.0,32.2918558116,32.8211082296,32.9060073906,33.2002576273,32.7909967314,31.9180059109,31.6266162011,34.7067711971,34.4609716233,35.1,35.6707233172,35.5703810233,35.4837896465,35.7291270927,35.0428936884,34.7048335397,34.2974441508,34.7364773738,36.3525527052,41.1,41.3233244658,41.1818164163,41.2832389219,41.4312683667,41.6445642027,42.0632274138,42.5087412966,42.9307000837,43.3376144489,44.0,44.3199433561,44.3558567029
17,37.3666666667,37.7,37.9666666667,37.6,37.7952113871,38.0213451814,38.253449372,38.5485931063,38.8736491373,39.4236720782,39.943718413,40.27906919,31.4998119364,21.4,19.4524512885,18.0229297521,16.8040563499,16.5538557028,16.8318623422,18.3600246032,18.9443107776,18.7894493974,18.5339932279,17.3,17.206414719,17.8761723264,18.1842597095,18.0540832676,18.0808309101,18.1661199511,17.8746704304,17.9796164079,18.4591770757,34.6,32.7948971935,37.1004628625,37.6819691369,37.9965427142,38.0150572929,38.2370889632,38.3122275557,38.4740186465,38.8351944134,36.6,36.8512119877,37.3355330594,37.661843043,37.7965718182,37.3666666667,37.7,37.9666666667,38.1333333333,38.3333333333,38.7,38.9336338638,39.2348212406,39.5701784082,40.1409145339,40.6774965927,41.0103366528,31.9978476182,25.4603057851,24.1414719274,19.3,18.1651988218,17.8667145233,18.1417313343,19.6185261839,20.198166906,19.9786737665,19.5796464789,19.487859969,19.1462229362,27.3,26.9869661812,26.7478698617,27.490753151,27.1224687442,27.0044905586,27.4926606777,28.1327276777,29.761986037,30.6819419732,37.6,38.1895414766,38.4989795167,38.5094609488,38.7500952276,38.8194967586,38.9808071963,39.3513000341,39.6911389237,39.9995689963,40.5,40.9276887872,41.0639391081
18,38.4333333333,38.7333333333,38.9666666667,37.9,38.0497750094,38.2683995055,38.5587456016,38.7800147458,39.1528296099,39.6252904299,40.0728877934,40.4472513598,31.799200215,24.1,22.6097419809,21.748878392,21.8454668351,21.9459440991,22.1283996073,23.0710089634,23.4442348606,23.3902918277,22.8308242958,18.8,18.8441812241,19.5635369293,20.0699890484,20.3201644468,20.2602368506,20.4897489149,20.2585014737,20.4172553429,20.6925654626,34.5,33.3018298262,38.99519392,40.0599466172,40.5188928967,40.6970877213,40.9317005548,41.4464405587,41.571594102,42.1618692915,36.9,37.0958548251,37.4999385013,37.4484828631,37.6488930803,38.4333333333,38.7333333333,38.9666666667,39.0666666667,39.2333333333,39.4,39.6994628964,39.9321250278,40.3306125584,40.8290803915,41.2946861204,41.6617810109,32.6813620007,25.5775707789,24.2385305838,21.0,21.1098911271,21.2550387767,21.4445137201,22.4357052319,22.826666646,22.8376579156,22.3406685933,22.2590694706,21.8422298108,28.8,28.1244047619,27.6125705368,27.4449370609,27.5055344061,27.7166441837,27.7174804695,27.9695588731,28.7416137481,30.3673182596,37.7,38.7223087903,39.2010117315,39.3954329019,39.6053568136,40.0623713308,40.189025104,40.7321753856,41.096427228,41.2846078215,41.8,41.6537151158,41.9163124046
19,37.4333333333,37.9333333333,38.1666666667,37.4,37.4936335186,37.7430366939,37.9944812452,38.2255367043,38.5332433204,38.8454725991,39.3560106973,39.6612172992,34.0129634101,27.7,26.2755519576,25.1290691647,24.655730553,24.5371506594,24.5683200007,25.0818509634,25.3593602857,24.9576156488,24.4671727071,20.2,20.0614506927,20.7309453299,21.1049002739,21.193978359,21.5018128461,21.827483311,21.3603715867,21.509088994,22.2034855242,33.3,35.8344292575,40.4515301012,41.3352333896,41.5623748805,41.7717133896,42.0232145039,42.1680156977,42.3440270363,42.5006819516,36.1,36.3322988628,36.7373071387,37.0612729771,37.2379868235,37.4333333333,37.9333333333,38.1666666667,38.3666666667,38.4666666667,38.5,38.7630800374,38.9958766588,39.3231718344,39.651532638,40.1794949664,40.480721744,34.6655174164,27.8885374176,26.4766603865,24.0,23.5080273168,23.4306522965,23.4557778258,24.0070994064,24.3148911752,24.0013705907,23.6307161992,23.5279386274,23.1412178577,28.1,27.8394944708,27.5381815771,27.2792514175,27.070154745,26.879256295,26.9273864962,27.0139402427,27.373569798,30.5472741272,37.4,38.1844018907,38.4720470566,38.6781169148,38.853255271,38.9707079353,39.1551157491,39.3152749625,39.6854784763,39.916253063,40.6,41.0123569794,41.2559906943
20,38.7333333333,39.1666666667,39.5333333333,39.6666666667,38.7,39.0200624075,39.3422056604,39.6622340846,40.0003659021,40.4414667953,40.9406287513,41.3032833549,32.5356548137,25.3856973276,24.3,23.2341890607,23.0233595347,22.4602623617,21.9026886746,22.178127985,22.4349209211,22.3752528578,21.7192572449,21.9634825072,16.5,17.2058103976,17.6488320281,17.8368179858,18.7113776167,19.4240051982,19.8126300423,20.0646471774,20.9107329469,21.7639598923,33.8,38.231861449,39.5373776127,40.019898397,40.2907423314,40.4115234329,40.875278093,40.9282987359,41.3988738431,41.6548401555,37.0,37.5043715847,37.8193851908,37.9879155007,38.7333333333,39.1666666667,39.5333333333,39.6666666667,39.7666666667,40.1,40.0,40.3280493865,40.6833836476,41.1398970553,41.6596594773,42.0247327827,33.0165411738,25.8766056804,24.5421288028,23.4759725364,21.5,20.9458173446,20.3277053622,20.6250536308,21.023682267,21.1479871738,20.6851361747,20.8733158702,20.5917662267,21.0911113559,26.9,27.1112159489,26.1658486902,26.2739889731,25.7822758314,25.933714197,26.046166589,26.6031185166,30.5318172316,34.3147084904,38.0,38.5078255848,38.7777697436,38.9156144457,39.3297367887,39.4000566329,39.8338901852,40.0921613337,40.4678046737,41.0290255153,42.8,42.9724204555
21,39.0,39.1333333333,39.2333333333,39.3666666667,38.3,38.3721419003,38.6927179194,38.9821310877,39.2681918056,39.5886667639,40.1074879791,40.5129423277,33.5397454493,25.8911737445,23.7,22.4556889222,22.0277235495,21.7004774204,21.2895589013,21.4968005927,21.6533454396,21.3116635849,20.6219386989,20.5886190844,16.9,17.6921545667,18.1207033526,18.4298433446,18.9090626323,19.4487160082,19.7299280954,20.0944615309,20.5058109797,20.947090694,33.6,39.4677798907,40.03640008,40.3161773447,40.515718522,40.7352682885,40.798132314,40.9896126628,41.6422200336,41.8393254278,37.5,37.7161870504,38.148527452,38.3617774168,39.0,39.1333333333,39.2333333333,39.3666666667,39.5333333333,39.6333333333,39.5,39.7961218837,40.112138544,40.4618844903,41.0110246454,41.4130226557,34.1059985955,26.5093288764,25.1168208621,23.9336254629,21.6,21.274120174,20.8532691075,21.0770998958,21.2538183452,20.9626354453,20.3126260178,20.294273146,20.1420210444,20.5431590215,26.7,26.3830374753,26.0770688074,25.9213519175,25.7911985054,26.0849052879,26.6218291137,27.2720776862,30.2058225986,34.9703133054,38.8,39.0962129269,39.3084513013,39.5432187219,39.6131072442,39.7872835252,40.4173294818,40.6023720004,40.7476519286,40.9888722672,42.3,42.6005512454
22,41.1,41.3666666667,41.5,41.6,40.2,40.4075031449,40.7227700573,40.9688714814,41.3758726889,41.7896792199,42.2659408617,42.6605716019,37.1732281497,31.3346720697,27.8,26.3723258731,25.9617635853,25.5901563144,24.8621375967,24.8365027947,25.1391184585,25.1506593131,24.7586130969,24.9026298344,20.6,21.3699836868,22.1072827417,22.3706572519,23.0110199632,23.4531702843,23.6324817821,24.0004508361,24.9663794029,25.6986958511,35.5,38.9274813896,39.8756980588,40.2687152547,40.2946339251,40.5946339251,40.6645584716,40.8320430409,41.2620924366,41.6168427215,39.5,39.7632223498,40.1539951354,40.4867200748,41.1,41.3666666667,41.5,41.6,41.6666666667,41.9,41.2,41.4525985697,41.8784497943,42.3089563471,42.803248561,43.1995756033,37.6029240977,31.7554870831,29.6365100991,28.2699857911,26.2,25.8314960347,25.1084518292,25.0740846761,25.3656774006,25.3384445047,24.9214289549,25.0753903243,24.8124174729,25.2250672142,29.4,29.4294239393,29.391458924,29.3436536035,29.0275280286,29.2027001543,29.3104920174,29.7101337685,33.1584193829,36.2321942711,41.0,41.3750515464,41.3991615244,41.6991615244,41.7373561753,41.9375648643,42.3912066479,42.7755747208,43.0066482174,43.264838064,45.0,45.4597228219
23,39.0666666667,39.4,39.6333333333,39.8,38.1,38.2169059043,38.4724256051,38.7086273763,39.1513203263,39.5953962814,40.0054172993,40.2935809899,35.6380925475,31.8467628278,28.4,27.3232838662,26.7458198377,26.1508179537,25.4698489933,25.5644345312,25.650630352,25.6263346923,25.3970341529,25.4975352376,20.1,20.8729350202,21.5575414887,22.0368501793,22.6278607993,22.9592612856,23.1296837665,23.2396927511,24.220425061,24.7825455027,33.9,36.4635831729,37.335207733,37.8477281174,37.9559402271,38.0829812451,38.1691431904,38.2257582344,38.5071407532,38.7051180441,37.0,37.2969889065,37.4985026713,37.6070380292,39.0666666667,39.4,39.6333333333,39.8,39.9333333333,40.1,39.3,39.54951157,40.0318043692,40.5148759528,40.9496448708,41.2284167333,36.3495997936,32.5690451076,30.1447281673,29.0743494751,26.7,26.1045378588,25.422253696,25.5189170574,25.605971539,25.5866956684,25.3639579515,25.4628428462,25.0365986817,25.3138137839,29.0,29.0410856714,28.9679461272,28.9218055981,28.4541554844,28.5937078059,28.8810877507,29.1956404347,31.8855113049,34.0905686049,38.7,39.2051139141,39.2925244578,39.4173263003,39.4867018938,39.5397399799,39.8382212222,40.047340673,40.2766046443,40.6268189036,43.2,43.3337260677
24,41.8333333333,42.1,42.2666666667,42.4333333333,40.6,40.7322753222,41.1054840818,41.422367813,41.7530412234,42.1760498008,42.5467784528,42.7785985706,37.2129443562,31.1448810061,29.0,27.3082445675,26.6793925108,25.9539537006,25.0658924615,25.072803519,25.2115200051,24.8303767431,24.0413344844,24.0792358775,18.9,19.3278467515,20.0204784813,20.5113224587,21.3290925702,22.1838625706,22.6544763842,22.8500067778,23.7379058251,24.0386664277,35.1,39.2592055485,40.2005072451,40.7305730404,40.8808713938,41.1068603203,41.2041317477,41.3134510928,41.8309607996,42.2457700684,39.8,40.0481872987,40.4429288858,40.8040493411,41.8333333333,42.1,42.2666666667,42.4333333333,42.5,42.6666666667,42.1,42.4252253264,42.7910542585,43.2362018581,43.621774014,43.8374581464,38.0853538077,32.0349020532,30.0335767407,28.3900431459,25.5,24.7604131956,23.8233760067,23.8526692984,24.0314568574,23.8461868698,23.193009011,23.2705281567,22.9960745899,23.2025667126,27.5,27.430052238,27.4570867178,27.5636876472,27.4068815815,27.5131702326,27.8923304098,28.1441722654,32.2871492379,36.1241598169,41.2,41.7361564956,41.8831389716,42.1076400751,42.1773482104,42.2818028245,42.8298701716,43.2679373934,43.5416626738,43.8133338574,46.3,46.8056878804
25,39.4333333333,39.7333333333,39.9333333333,40.1,40.2333333333,38.7,39.0173824409,39.2475758355,39.4406703464,39.7995574853,40.1869333385,40.5253583897,35.2175630749,30.9685327926,29.3689040591,26.5,25.8312393888,25.3376585778,24.7676771793,25.1482875334,25.2507302218,24.9499677175,24.4939652484,24.3064206199,23.9155759087,20.3,20.8476408912,21.2033585398,21.7401078659,22.1702818978,22.3188412823,22.3812830945,23.3766688615,23.8882932676,26.917580374,35.3,35.9800927793,36.4480821819,36.6111785359,36.7249829957,36.8021286982,36.9945405387,37.2477980307,37.4114535703,37.6930831071,37.5,37.7298403289,37.9038302626,39.4333333333,39.7333333333,39.9333333333,40.1,40.2333333333,40.3333333333,40.6666666667,39.8,40.0065468063,40.3791784415,40.7707746904,41.1074975224,35.6797274391,31.4359448251,29.8807668205,28.3053985058,27.6799426521,25.4,24.8315252417,25.2147059536,25.3163784146,25.0063030271,24.5428945829,24.3529288856,23.9575812384,24.2051328374,24.4655679211,30.1,29.776808568,29.5420042329,29.1139081633,29.1840786685,29.3342136862,29.4587052156,32.9832181005,36.6373500814,37.3463045911,39.5,39.6114661654,39.744583808,39.7897551171,39.9715507138,40.299318306,40.4587611167,40.7613245147,41.0353896914,41.3916508774,44.5
26,41.5333333333,41.7,41.7666666667,41.9333333333,42.0333333333,40.9,41.2029309747,41.3616896023,41.6071963671,42.0784792712,42.3893839365,42.6857576519,36.9391620401,31.8588982414,30.3094841521,27.0,26.445073784,25.63767335,24.7638159782,24.857772973,24.9982977375,25.1647931606,24.7310324371,24.7514705816,24.6019800033,20.4,21.1243367083,21.6889393841,22.4874754797,23.1424253953,23.5212875197,23.9651231658,25.1905053134,25.9043674051,28.3771991489,36.8,37.7176580474,38.31026608,38.4119082904,38.7072920121,38.8813912394,39.0225899592,39.3729969788,39.6044426388,39.9210714362,40.0,40.2996305005,40.436322832,41.5333333333,41.7,41.7666666667,41.9333333333,42.0333333333,42.2,42.5,41.5,41.7477494359,42.2185430796,42.5318248886,42.8285829425,37.0515969051,31.9869058024,30.4497947459,28.9870148121,28.4658429893,26.0,25.1379272326,25.2398779682,25.3722827334,25.4801620265,25.0061367579,25.0206632368,24.8399668318,25.1331504068,25.5996841552,30.2,29.9927465363,29.8966450521,29.5860159274,29.8707444448,30.0516826543,30.3136293519,33.1615451903,36.7915306928,37.7088431731,41.9,41.8960347915,42.2380584121,42.3159544348,42.4157901923,42.8480641824,43.130581319,43.4742172531,43.763794152,44.184164438,46.5
27,40.5333333333,40.6666666667,40.9,41.0666666667,41.1,39.9,40.115922619,40.2767431414,40.4623134423,40.8961754358,41.1929180833,41.5700050633,37.1135656851,32.7066600348,30.6338049452,27.5,26.8901975965,26.3247616823,25.8541532814,26.0802181684,26.2308427643,25.8949139025,25.3933556597,25.3966626978,25.1088797394,21.5,21.9842726984,22.4341127355,23.0953168724,23.6708460786,23.7916240477,23.8578547904,24.993207288,25.4425251526,28.6547116052,37.0,37.7859927321,38.3751332035,38.6043949603,38.8202169501,38.9371080221,39.0415614405,39.2778413608,39.4290309566,39.649386561,39.4,39.6740616622,39.8618748392,40.5333333333,40.6666666667,40.9,41.0666666667,41.1,41.2,41.4333333333,40.6,40.789095315,41.2228281628,41.5203665451,41.894907959,37.3871124043,33.01446557,30.9838370466,29.5049790457,28.9441082007,26.2,25.7292383292,25.9576128489,26.1102059249,25.7910258158,25.3062566595,25.314876804,25.0353456654,25.2606490175,25.5753956901,31.5,31.0149425287,30.7831843926,30.4400484027,30.5070749826,30.6042159064,30.780934162,34.1534359174,37.8039207593,38.6298837835,41.2,41.3876912582,41.6210972499,41.6826694802,41.755026779,42.031626924,42.2026613406,42.4456394464,42.6340375672,43.0186460899,44.3
28,40.1,40.2666666667,40.4,40.5,40.6,39.6,39.869022869,40.0310638624,40.3261698499,40.6518151918,41.0865000003,41.4328822461,35.1874839337,31.1176869725,29.4480465116,26.3,25.783915893,25.2480891385,24.3028640457,24.5412427868,25.0780466674,24.8836791122,24.2672451261,24.3229016106,23.6317105137,19.4,20.0371444403,20.2523150138,21.2508180152,21.9083850611,22.1909138538,22.3474433162,23.8724801802,24.4071239811,27.4394659183,37.3,38.1259659817,38.7339572353,38.8160782502,38.8944920892,39.0364639854,39.0136726898,39.2570849,39.3900155041,39.513374942,40.0,40.1554248612,40.3724488836,40.1,40.2666666667,40.4,40.5,40.6,40.7333333333,41.0,40.7,40.9979888457,41.328162862,41.7620515729,42.1007472499,35.7250090002,31.7355970573,30.1462494268,28.7647667221,28.2897396249,25.0,24.0454761268,24.2759636532,24.8241366395,24.6690195683,24.078921547,24.1447437142,23.4681355393,24.0641224567,24.5091539846,30.1,29.7660238319,29.5838457588,29.2002247367,29.3195974202,29.5230468644,29.7886160613,32.7157558977,37.3090947785,38.135255693,42.1,42.0828690304,42.1750734089,42.2880549913,42.199376442,42.4937522197,42.6262100415,42.7769921856,42.9290727387,43.1357639525,44.6
29,38.6,38.9666666667,39.2,39.3333333333,39.3333333333,38.4,38.6,38.6918467788,38.8901654983,39.2152138018,39.6129956583,39.9017411483,36.7688397183,33.1335687638,31.3738623232,30.6,30.0276741958,29.8228161758,29.7681808263,30.0837961517,30.1880362499,29.3025293775,28.5752128509,28.6291893948,28.0702152463,26.3,27.0641133665,27.4434088384,27.9711219149,28.426610981,27.7431751783,28.7480655025,29.0616734166,28.5855830571,31.1378905094,37.1,37.5771246918,38.2050758862,38.0493648329,38.1024825645,38.1338143906,38.3873190649,38.5415221028,38.5117633463,38.6997296614,37.7,37.906391478,38.0240395639,38.6,38.9666666667,39.2,39.3333333333,39.3333333333,39.4333333333,39.6333333333,38.7,38.8983318813,39.2234450438,39.6212442648,39.909816912,36.7761292562,33.1413953667,31.3826782311,30.0554779033,29.4782865326,27.8,27.7852278102,28.0421383596,28.1604271034,27.4333828356,27.0573300019,27.1797033467,26.756659458,26.6943006329,27.4461817699,32.1,32.722027495,32.5589265262,31.7546788404,32.1020754759,31.97920264,31.7680488862,34.0322962445,36.1527617556,36.6160594976,40.3,40.0634589197,40.1736772567,40.2036870948,40.514547949,40.704551891,40.655137587,40.9012053248,41.0701423386,41.3383237868,41.9
30,40.5,40.9333333333,41.1,41.1333333333,41.3,41.5,40.8,41.0310559299,41.2765933998,41.7591285766,42.3046723785,42.6497870868,37.0076848539,33.6893691257,33.2652609172,34.2622455033,35.3,34.6706687971,33.3530491347,33.7378382398,33.6593498641,34.6642415992,35.1572891531,35.0483145806,35.1090413091,35.2983134852,31.7,31.7965040309,32.2630505626,32.6721892557,32.8457370204,33.1730545773,34.0641858827,34.5783004337,34.0351193214,32.274173718,39.5,39.906830859,39.6538185751,39.8207842242,39.8539910416,39.910222676,40.168002925,40.2434154861,40.322852288,40.3675936311,40.6,40.6415995251,40.5,40.9333333333,41.1,41.1333333333,41.3,41.5,41.7666666667,42.0,41.1,41.5794200817,42.1271417912,42.4743578723,36.8485279808,33.5150544551,33.0925916765,34.1306566814,36.3911465974,35.7189764959,36.1,37.334867552,37.3710446676,38.2226976303,38.9206919382,38.8248285272,38.7968381673,38.8069931065,39.2595539747,39.2042777123,38.3,38.2931086041,38.019027112,38.2507774064,38.6763997431,38.8711089022,37.7617300302,36.3339148889,36.7378991448,37.1705661828,43.0,43.2524762282,43.2855214934,43.370992701,43.6599899984,43.7040060724,43.842313868,43.8590580641,44.1736309943,44.2255352818
31,40.4,40.7333333333,40.9,40.9666666667,41.1,41.2,40.7,40.8607638313,41.0310077041,41.1976523276,41.5634602326,41.8026384231,38.2496521508,34.3075949141,34.1830554585,34.2188478968,37.0,36.867198384,36.5739644128,38.0512166898,38.0004482099,37.9353770959,37.8836570554,37.7784735859,37.3966800611,37.0262587546,35.0,35.0178859799,35.1951702857,35.5717580595,35.6727570582,36.1223405955,36.4949545967,36.3628518804,35.8600675244,35.0892489554,39.7,39.9846295694,39.807635648,39.6717142488,39.6168198768,39.7385781127,39.872433951,40.0928049163,40.0939698651,40.2284664491,40.2,40.346857828,40.4,40.7333333333,40.9,40.9666666667,41.1,41.2,41.5,41.6666666667,40.8,40.9666382768,41.3321989249,41.5730599821,38.0432074467,34.079443559,33.9670334807,34.0323262137,35.826531153,35.8728233126,38.3,40.3983915505,40.4369202962,40.0063565618,39.8513617289,39.7170636536,39.6247598657,39.0460221546,39.5488240197,39.3229633737,39.7,39.6730882502,39.4671405627,39.8034267111,39.7054551809,39.4943745308,39.0741183709,38.9982808024,39.7123990624,39.9971214331,42.5,42.4388403772,42.3587903132,42.5059343151,42.6403997704,42.8845379454,42.8870620632,43.0229158349,43.2549657886,43.4631732143
32,41.2333333333,41.4,41.4333333333,41.4666666667,41.6333333333,41.7333333333,42.2,42.4014617492,42.7322686641,43.1313017152,43.5304746459,43.8596276505,39.0342730184,34.7027874789,34.4617964893,35.2210641676,36.0,35.6296612523,34.7670138505,35.6257384754,35.5085929576,36.3170630234,36.2426171293,36.416707495,36.9646375528,37.3518830025,33.8,34.0949912173,34.0411807756,34.1165730649,34.2126501325,35.2982500827,36.1151719596,37.1534155048,36.8066137382,34.3713500661,40.7,40.7515213147,40.5596853508,40.5106803364,40.4842665405,40.4890021344,40.5719229236,40.8091683032,40.7014238012,40.8523056087,41.8,41.8787375415,41.2333333333,41.4,41.4333333333,41.4666666667,41.6333333333,41.7333333333,42.0333333333,42.2333333333,42.4,42.8009731655,43.2018055521,43.5393460898,38.7648637291,34.4296707223,34.2040442769,35.0450384702,37.0365499882,36.6068502977,36.9,38.70809657,38.6919251899,39.350097327,39.624600019,39.8505180893,40.5692825047,40.6486536093,40.8111873652,40.7255211538,38.6,38.3182781189,38.32295618,39.7393581263,40.254789279,40.90783798,40.0030632879,38.1087112266,38.5271035326,38.6321871341,44.1,44.0852314337,43.9430000765,43.9569154409,44.0713442349,44.4454037932,44.3226468655,44.636776554,44.9659641164,45.097292424
33,40.8,41.0333333333,41.1666666667,41.2333333333,41.3666666667,41.5666666667,41.8,41.9665318504,42.2665318504,42.5662758434,42.8995017152,43.2655032986,39.4609500439,35.4958148942,35.2282623325,34.2591392572,31.7,32.5401656503,32.6005514303,33.4949751481,33.6427556981,34.2165630665,33.8495098229,33.778711896,33.7757771208,34.0582621345,35.9,35.9873173917,35.8465969155,35.7723166483,35.8936492085,36.6593525594,36.7813173036,37.0879820072,37.2398862692,36.8019213109,40.3,40.1955101261,40.083050833,39.8705306524,39.8243355349,39.8464560308,39.7809991802,39.8878743105,39.8684828155,39.875464396,41.3,41.444579288,40.8,41.0333333333,41.1666666667,41.2333333333,41.3666666667,41.5666666667,41.7666666667,41.9333333333,41.4,41.7064261656,42.0424569464,42.4258182154,38.7401118431,34.7350017664,34.490572415,33.5855653464,34.1687994918,34.5150704226,38.5,40.1358816276,40.7890180718,40.6171068096,40.6142418233,40.4639115957,40.7413212834,41.1622924873,42.5383175075,41.9589859403,40.6,40.1844301026,40.103818408,41.3656343248,40.9139039825,40.9496712772,41.4023871065,41.5972244974,42.4693983028,42.3586912003,43.5,43.2586333227,43.1828046542,43.1790907722,43.1164213377,43.3159367695,43.4054672718,43.5053344151,43.7136568973,43.8953393253
34,38.9333333333,39.1333333333,39.2333333333,39.2666666667,39.4666666667,39.5666666667,39.7,39.8628451054,40.1628451054,40.4952802334,40.9614687996,41.331524768,36.795742671,32.9269323846,31.9368966567,30.4187991984,24.3,25.2499577917,25.0807663089,25.1399750657,25.3724232615,26.8471415244,27.257070323,27.2604995917,27.4924084677,28.4573957725,29.2,29.5852658269,29.6313518174,29.8969279173,29.9424798954,30.7668719668,32.0356264544,33.2084234282,33.8148375495,32.309008977,37.9,37.6854901014,37.5463084429,37.3059937843,37.1554568826,37.2748338788,37.1851955804,37.2924518585,37.439163475,37.5813324749,39.2,39.2980405878,38.9333333333,39.1333333333,39.2333333333,39.2666666667,39.4666666667,39.5666666667,39.8666666667,40.0333333333,39.4,39.7284161318,40.19246545,40.5776867598,36.1800968603,32.3016950033,31.2070950239,29.6080209627,29.9528626444,30.1598264181,32.3,33.8080825665,33.9489570338,33.8811691043,32.7923814375,32.1877983893,32.1896754401,34.4098804657,37.329882661,37.0852928062,34.2,33.8229322268,33.8265993795,34.2301151357,34.3935556351,35.4687663004,36.4677305903,35.6109080063,36.2219792227,36.066212205,41.3,41.0392063741,40.8382046547,40.9166422363,40.7596191264,40.8881609163,41.0741162878,41.2422037653,41.4458893838,41.5423583206
35,39.4666666667,39.7333333333,39.8333333333,40.0,40.2,40.3333333333,40.6,41.0,41.2977172424,41.635020888,42.0014860043,42.297069894,37.6830921763,34.1636498432,33.4735187125,32.7824785732,33.5198557112,32.2,31.6285379726,32.4219228317,32.3332133647,32.7699228908,32.8992922024,32.7226976795,32.8871655588,33.4247257227,34.2981760797,34.0,33.9812942185,34.0821514594,34.1290128064,34.5719831409,35.1332549034,35.2822321398,35.5789206375,34.9869551595,35.0422642291,38.9,38.8194610546,38.655051572,38.5029530847,38.4794321845,38.326450585,38.2704273788,38.5090266208,38.580291517,38.7033869561,39.8,39.4666666667,39.7333333333,39.8333333333,40.0,40.2,40.3333333333,40.6,40.7333333333,41.0333333333,40.0,40.3676931165,40.6901833562,36.3644610504,32.9634764061,32.2132165118,31.4675859908,32.3834175275,33.0341211674,32.4999141335,36.0,35.9518464351,36.0143700665,35.9670455971,35.6860590003,35.9159013868,36.5070137518,37.9199442008,37.7742497038,37.6744918222,38.3,38.2472631865,38.5989052399,38.6048752753,38.6497572826,39.2368679542,39.1945940129,39.6282722571,39.6695023311,39.5657773249,41.8,41.6780096968,41.7436585306,41.5500696872,41.5160434139,41.834416048,41.9151841454,42.086011131,42.2632017851
36,39.4,39.5666666667,39.7,39.8333333333,40.0,40.1333333333,40.4,40.5,40.8008118434,41.0995547397,41.5331256446,41.8346807556,35.8223442663,30.9801414502,30.0037641361,28.3933096758,29.1553209582,28.4,27.4337698439,30.0686853253,30.5084986875,30.674049816,29.7533905493,28.9165468443,28.8462207842,31.7973612284,35.5723389676,34.2,33.4091234347,33.2022967571,34.1484764185,34.4917994183,33.7210135185,34.4649582019,36.4798499909,36.8297344537,37.0856181713,38.6,38.6360727298,38.524525182,38.4466023141,38.4740723776,38.4050664231,38.5323345658,38.6887869594,38.8407301573,38.9982827767,39.5,39.4,39.5666666667,39.7,39.8333333333,40.0,40.1333333333,40.4,40.6,40.9,39.7,40.1368811101,40.4601043719,34.7403275565,29.7745417389,28.6628610517,26.9067392956,28.0683349822,28.843905343,27.812571647,34.9,33.9228297428,32.7108002332,31.2056297521,30.0411546424,28.9522864295,31.4652082865,34.6783084042,32.6770581725,32.2553383471,38.7,41.2368785238,39.4128204288,36.6183265008,37.4415747014,40.3151058653,42.0342614951,42.7077900304,42.4453925871,42.4303150134,41.2,41.1089330197,41.1684804769,41.0578188228,41.1780045099,41.3614535355,41.4962038171,41.6820378264,41.9107109297
37,39.5666666667,39.8333333333,40.0333333333,40.2333333333,40.4333333333,40.6,40.8666666667,41.2,41.5,41.8335366056,42.200236284,42.4331861969,35.7592170337,30.4921562134,29.1617872131,27.8968954017,28.0584629428,25.6,24.4360586465,25.9443098996,26.9167649302,27.8774639794,27.2892580671,26.6771016946,26.875428692,28.1145337051,30.9436133788,31.0,30.6745068698,30.6925330741,31.3394899701,32.284181144,32.1301558028,32.8310981089,35.3920252916,36.0745351404,36.412640717,38.6,38.6876294762,38.6638712538,38.6223895451,38.7495717781,38.6314181833,38.8059815993,38.9636249292,39.2703111346,39.4884426165,39.4,39.5666666667,39.8333333333,40.0333333333,40.2333333333,40.4333333333,40.6,40.8666666667,41.1666666667,41.4666666667,39.7,40.0645995341,40.3219419468,34.1125440553,28.8705585575,27.3516041936,25.9737993861,26.4597638298,26.6170775746,25.4228889241,32.3,32.170362008,31.63386046,30.5740128938,29.568050156,28.9051887641,31.1004902738,38.2765206263,33.3927702961,32.6097831309,35.0,36.2811414392,36.202860998,35.0856109925,35.8304181777,39.6758546558,41.0958735892,41.6561297882,41.4190168176,41.5327174023,41.3,41.249557785,41.443287039,41.2685149261,41.4517621434,41.6361383942,41.9868327984,42.2615584817,42.4681660838
38,41.6333333333,41.9333333333,42.2,42.3666666667,42.5666666667,42.7,43.0666666667,43.0,43.2931948962,43.6566308684,43.8873400074,44.1893755209,35.9332716631,29.8834037654,28.8265630292,27.6729736249,28.3512200938,27.2,26.0560634328,28.4423845675,29.2629622955,29.8538952661,28.8270121521,28.1690400033,28.1365443033,30.9459133644,35.6312486738,34.1,33.2756089013,33.3836378189,34.1304450116,33.9651366899,32.4001537773,33.5389745045,36.7167960018,37.5694591782,38.1676713138,39.2,39.3198224852,39.5356214396,39.7251702886,39.9637068668,40.0132265015,40.2605504173,40.5634062111,40.9863990703,41.1799604753,40.9,41.6333333333,41.9333333333,42.2,42.3666666667,42.5666666667,42.7,43.0666666667,43.4,43.7,41.4,41.6162668923,41.9295048493,34.0984331938,28.1410172739,26.9548036121,25.6897349778,26.7986106693,27.2892717441,26.1405468138,34.3,33.0063889473,31.9317243914,30.4090263951,29.2447860588,27.9663313198,30.4215475605,34.2436436471,32.3452489275,31.8317135034,37.3,38.9972632144,38.1953515262,34.4546159317,36.5131367527,41.7877855283,42.9716217942,43.5629488527,43.5162095882,43.674341626,42.2,42.4152845857,42.6971634995,42.6899075448,42.9529667582,43.2965246943,43.7828679819,44.0066780708,44.0865130278
39,39.3333333333,39.5666666667,39.7,39.8333333333,40.0,40.2666666667,40.5333333333,41.0,41.2342008737,41.5372356482,41.8359621615,42.0982813678,36.7303135115,31.8983096955,30.6817505297,29.7456465512,29.5152222694,26.3,25.0829025538,27.4028336657,28.4756290312,29.1047875794,28.4895410211,28.1551276563,28.4280125285,29.5541833321,31.4491141792,34.1,33.2503966108,32.9107314964,33.5610290693,34.2132807927,33.9792693854,34.3776940315,36.4812054346,37.1752790671,37.410914878,38.1,38.2168175137,38.1453202874,38.1255805131,38.2940620047,38.2581663702,38.4209638305,38.6804080625,39.0408411004,39.3164640879,38.2,39.3333333333,39.5666666667,39.7,39.8333333333,40.0,40.2666666667,40.5333333333,40.7666666667,41.0,38.5,38.8150304672,39.1330085166,34.2084529742,29.3594278659,27.9281155623,27.0274830756,27.1865690302,27.7618757779,26.5211487526,33.6,33.4155578887,32.7262389568,31.7969810312,30.9336080835,30.3035718377,31.8033433094,38.2323220684,34.7217969106,33.7321294796,38.6,40.1376146789,39.2705918786,37.9058213356,38.6187716598,42.3499398824,44.7871353292,45.6781726611,45.2476207831,45.2159787795,39.8,39.8124531764,40.0507820297,39.9902611466,40.1504042404,40.4506286121,40.829652684,41.1571548173,41.3282816099
40,41.2333333333,41.4666666667,41.6666666667,41.8,42.0,42.1333333333,42.4666666667,42.8666666667,42.6,43.0245308748,43.2911479492,43.4990804397,37.9421558062,34.0327685015,33.5486774353,30.5666157226,31.5069002077,31.7940229751,34.8,35.9228115848,35.7562855847,35.3852603618,34.9966049103,34.7761713123,33.7275576532,37.344141218,40.8805302116,39.5184793279,33.0,32.4000839122,31.5727658249,30.6387404709,30.3373148121,31.2072889214,32.9269650999,33.3754281231,33.5873747146,33.8317611496,39.9,39.9863057127,40.2622703196,40.1040458779,40.2270390882,40.5300213763,40.8583977757,41.3338036647,41.6608884922,41.8272970429,40.9,41.1250830565,41.3187312282,41.4505639713,41.6512127747,41.7870508068,42.1203255979,42.517213412,42.8140973422,43.2419539517,41.3,41.5353768844,36.1274820304,31.8396425557,31.1799426823,29.0672166781,30.7234993556,31.1967198432,32.1093778074,33.6866094761,39.2,37.8171147293,37.1464445077,36.3393502349,34.2536274829,40.9139007769,47.1544643687,45.0324812949,45.353176326,44.9928258226,35.0,33.9062152881,32.9644600438,34.2483567722,36.1416041475,36.3188233026,36.4230153906,36.5284222603,36.827535772,36.8244579292,42.1,41.8676329605,41.9646990767,42.2892404218,42.6542512939,43.1744224874,43.5373750357,43.7036303538
41,39.4666666667,39.7666666667,39.9333333333,40.2666666667,40.4666666667,40.8,41.0666666667,41.3,41.6,41.8660989267,42.2001065306,42.4015505307,35.5080935428,31.5060359237,30.9348730764,28.7459794275,29.3687178335,30.0100903921,33.4,34.2268585132,33.8119337094,32.9151684223,32.0599249677,31.2787022409,30.7107324855,32.212906756,34.6862349466,33.803967973,37.6,37.4749224236,38.3731930363,38.4031298004,36.0308307601,37.2569638527,39.4977217833,39.7438815786,39.7275408614,39.2987075962,38.3,38.5537901909,38.7486072063,39.189601001,39.4562382336,39.8773791449,40.2665460346,40.910043512,41.3493640972,41.5837458265,39.0,39.2871232521,39.4476098179,39.7771326425,39.9741250743,40.3100957691,40.5789240323,40.8148984667,41.1747118138,41.4371889442,39.5,39.7600219138,33.1319915128,29.0464636527,28.2929068478,26.5545581168,28.0997122836,29.0672074402,28.7253184083,30.9983014426,38.7,35.7051209104,35.0644891855,33.8768271211,31.9311433147,30.3245920059,30.2511799087,31.2498250917,30.825250736,30.877757229,40.1,40.0429964647,37.1268629835,38.6206318516,41.3062537563,41.7716172791,41.919268772,41.3356301793,41.424044252,41.8125393108,40.1,40.5798059625,40.8344157403,41.2992285931,41.7085237763,42.4037528558,42.8932992515,43.1280589331
42,39.7666666667,40.0,40.1333333333,40.4333333333,40.7,40.8333333333,41.1333333333,41.4333333333,41.8,42.0669096519,42.3332841417,42.5325304357,35.2260503556,31.6298633467,31.6008774903,30.0320601365,31.0549432757,32.1801254001,34.2,36.5479580121,35.2712905651,34.3133869692,33.0448255294,31.9495493178,31.6038608903,34.6938833412,38.9527752514,36.9318446588,39.9,39.5535543997,40.6674733924,40.0910063096,37.8704161681,39.5534873424,41.4372824995,40.4599804134,40.3182918104,39.705012346,39.1,39.4086845849,39.5679521068,39.9578631937,40.1602446918,40.6561771819,40.9883175372,41.6657053723,42.116298771,42.387439181,39.9,40.1363148479,40.2722590096,40.5742132296,40.8413441019,40.9738993943,41.2738993943,41.5737690031,41.9087770897,42.1764796782,40.1,40.3498181157,33.478135493,29.6261061448,29.3054152675,27.8809037356,29.6049692318,31.2770774531,30.5664102384,33.4894730758,39.7,36.8185063603,35.1334610514,33.231436996,32.2317242429,36.0096516239,41.4765430476,38.261866493,37.5463476559,37.3687488102,42.8,41.9890968542,39.2171428297,41.3183104501,43.7189642594,42.7528302262,42.7218375629,41.9380142297,41.9390726144,42.3776271826,41.1,41.5367101439,41.727338439,42.2723564668,42.6293588556,43.3741053866,43.8818829487,44.1547221534
43,41.2333333333,41.4333333333,41.7,42.0333333333,42.2333333333,42.4,42.8,43.1666666667,43.7,43.9003118077,44.1652749476,44.362607864,38.9246368856,36.3096190091,36.1374553628,30.7878946078,31.4246301229,31.7873853661,37.5,35.4403528115,35.1875189226,35.0097499482,34.4525805982,34.6124254495,33.8663543908,38.0518114265,40.7393307503,39.5517250139,37.8,37.249958663,36.885333423,35.6122956135,34.4757056284,35.8606396489,36.6472123391,35.1845831263,34.5698550485,34.5818592639,40.3,40.6689059963,40.8689059963,41.3559421749,41.6590612719,42.1895425574,42.6174870701,43.373753517,43.8071022391,44.1004241429,41.3,41.5006571318,41.768266838,42.1021459809,42.3025001114,42.4684434479,42.8683826941,43.2348408946,43.569467548,43.7695758506,41.7,41.9304387594,36.5500337089,33.2939123103,32.7762229636,28.8693641424,30.7051442296,31.1164509945,32.9973849274,35.2268881498,43.1,37.8305135952,35.7127442393,35.4259488127,36.028320589,34.8967923232,34.5847608297,34.20863664,33.5365160548,33.1284733564,40.3,38.6574600748,36.7600002332,38.7175271088,39.611889188,37.9094400575,37.4054998089,37.2361573674,37.6634286192,37.9465473347,42.3,42.8270758123,43.120144466,43.6940289588,44.1534448707,44.9616916836,45.4393974351,45.7415859192
44,40.0333333333,40.2333333333,40.4666666667,40.8333333333,41.0666666667,41.2666666667,41.5666666667,41.9,42.9,43.1359476606,43.3594103429,43.5766329657,37.7911455344,35.2468218619,36.6408388393,34.5547615846,34.7114231498,35.8496042981,36.3,38.1444857255,37.0755006398,36.7966091816,36.4761166006,36.4604887981,36.0819888934,37.9859498884,40.1623496629,40.5775319622,39.3,39.1507050219,38.8181432488,38.370594768,37.6049136148,38.0164665071,37.2230132584,35.7076246506,35.1495409569,34.9955418956,39.3,39.9093258093,40.2724309302,40.7745447723,41.1344235882,41.8062364559,42.1831641098,42.9575182011,43.5084188353,43.8497363083,40.4,40.6067029297,40.8473930857,41.2156582175,41.4495663026,41.6463967036,41.9462688647,42.2774527711,42.5150849435,42.7497200468,40.9,41.1693984307,35.7687214252,32.8281803085,33.4859053577,31.7865487186,32.6233283825,34.7173831812,35.4137054612,36.9627019045,42.2,42.2660339081,41.815707243,41.9122557145,41.458784403,46.1332948311,50.6944366757,50.149865096,49.8560059702,49.3178851049,42.1,41.5408819133,40.5213142955,41.023541706,40.0198501593,38.1220604677,37.631341458,37.3151444914,37.7689618909,38.290526977,41.4,41.9272952854,42.2772801505,43.007902468,43.4038006092,44.2211507093,44.8174837462,45.1772102321
45,42.8333333333,42.9666666667,43.4666666667,43.8666666667,44.1333333333,44.4333333333,44.6666666667,45.3,45.5333333333,47.8,48.0367535778,48.2066015775,41.2974507091,36.4532595859,39.5857568475,37.6195674372,37.8872673404,39.9223115244,37.8538368292,38.0,35.9541303194,34.7554695555,34.5357763076,34.5994698999,33.7331304294,34.8083851834,36.1482336232,37.3813751982,37.3902130438,37.3,36.6530242525,35.8172706488,35.7067843991,36.1742146075,35.6472216398,34.6830310944,34.3276355441,34.4099318761,35.2479573818,42.6,43.0563169359,43.9907654509,44.5520561074,45.3194308936,45.7230594276,46.7768049305,47.2107471456,47.5192782078,42.8333333333,43.3,43.7973686432,44.2025587574,44.4709932772,44.765717919,44.994773761,45.6316384027,45.8685031101,46.1762601599,46.4101898798,44.1,37.8452831731,33.0240766442,34.4648429977,32.7798934229,33.6099063486,37.8993298984,37.4576208117,39.7320675545,37.9614524841,41.2,40.7656667683,40.8373066493,40.059184378,42.4478610075,44.7503050325,45.2712254242,45.7909921849,44.7763815249,43.8403122285,39.2,39.1062770272,39.5192001074,38.2893465215,36.8416188575,36.4149188121,36.3656565566,37.4626138417,38.6772290494,39.0881517853,43.9,44.4613865076,45.2245884679,45.6281523073,46.6779679866,47.1089277739,47.4167124177
46,39.9666666667,40.1333333333,40.3666666667,40.7666666667,41.0333333333,41.2,41.4333333333,41.8,42.1666666667,43.9,44.0459622559,44.1553079624,35.1220065574,34.4051100418,36.6580901075,34.3865566723,34.4131318224,36.1884917043,35.2271924255,36.1,35.3245212549,34.3907036795,34.3944824865,34.7538216459,34.2930406154,34.400370688,35.0319397837,35.9910226983,35.8220074826,40.1,39.891795469,40.386850618,40.4746648341,41.1334403756,39.4537237605,37.4875006513,36.9445509285,36.6295100535,37.1809992141,39.7,40.2079418635,40.7880890908,41.3992484611,42.2079701635,42.5951309235,43.6561169279,44.3031082181,44.7533739128,39.9666666667,40.3,40.5366631645,40.9380553471,41.2057244889,41.3704831565,41.6028625024,41.9691368275,42.3382271209,42.3704321513,42.5350231137,40.8,32.9152667723,31.1515532257,32.216076484,30.2246745487,30.8730482995,34.5902196282,34.6991069134,36.7841158525,36.1564146795,41.5,41.3022650633,42.2443776106,41.5706430486,42.5431485932,43.54628795,43.641572837,43.8473006121,42.7368337573,42.3981274497,43.3,43.406557377,44.2355998139,42.2488822546,39.9876175517,39.5543186711,39.0486861737,39.7344408077,40.7655758563,41.3053218266,41.0,41.6159457676,42.4365253832,42.8245685958,43.8967923637,44.5544188208,45.0082841955
47,41.1333333333,41.4333333333,41.7666666667,42.3,42.6333333333,42.6,42.9,43.2666666667,43.4333333333,46.4,46.3699036655,46.4945706792,40.4113957583,36.9349548494,37.4245036735,36.7307004307,36.5599504403,37.1501925988,35.5809788177,34.0,33.4123127484,33.0556488449,33.0383025202,32.9137212439,31.9359989717,31.9160281497,32.2111768345,32.9369311528,32.7620067321,39.8,39.2963302752,39.3642732739,39.7128218144,39.5237994759,38.7988715326,38.6745184415,38.3369650367,38.2002435535,38.8218519934,41.1,41.7055987189,42.6083032333,43.4540418584,44.4856163628,44.6744784918,45.9878325496,46.9333041486,47.5145524799,41.1333333333,41.1,41.4325429223,41.963954857,42.2954901244,42.2686963908,42.5703535115,42.9430726245,43.0990631127,43.1328788487,43.0991771731,41.6,36.3902140673,32.7612060258,32.5356827933,31.605941318,32.0057456029,34.3034365239,33.8658289512,35.7545051959,35.2267586217,40.1,40.0400654953,39.8033719272,39.7430756991,40.2202930082,40.6171627041,40.8303220952,40.0558133819,40.3347744523,39.8031771979,43.2,43.7069292833,43.494071585,42.3871695952,42.2723911349,42.0369571866,41.754464833,42.5768100229,43.6816877832,44.3717299404,41.7,42.5221352536,43.4838133025,43.6906749731,44.9478806264,45.8427992892,46.3946932081
48,43.5333333333,43.7,43.9,44.4,44.6666666667,44.6666666667,45.1,45.4666666667,45.5666666667,47.4,47.4642025021,47.5954480269,42.0363596804,37.299636362,36.4901690565,35.6388263495,35.2734289162,35.8862048237,35.0281547901,32.4,32.4275721171,33.4899444546,33.7603394698,33.6436912067,32.7822340677,31.677134035,31.7250861439,32.0179095309,32.475267235,40.6,40.3058873616,40.1634309476,40.3408047572,40.2967642809,41.9911766601,44.0233359297,44.5555609,44.6881199128,45.6721041188,43.7,44.507357212,45.4958612836,46.7017501068,47.5384926611,47.7966345375,49.0243379474,49.6775536194,50.518661587,43.5333333333,43.4,43.6,44.0987752722,44.3627723815,44.3661076663,44.8001046885,45.1751430322,45.2589228677,45.2257503151,45.2539971312,44.0,38.9956021208,34.454997774,33.4738003059,32.5933898008,32.4785028542,33.5728804813,33.0778627963,33.7649483838,33.8150678427,39.7,38.6757786692,38.2677967849,40.1843163868,35.4853028728,35.2491435387,35.4505431313,37.6880535943,37.5559765132,37.3496188397,43.6,43.7042553191,43.7333333333,45.8219282421,48.6086645605,49.3986129199,49.4710830872,50.7436532343,52.2510604497,53.4578258579,43.3,44.3745588156,45.1160965768,45.4124946644,46.5011781792,47.0533820984,47.7977464154
49,44.0333333333,44.1666666667,44.3,44.8,45.0333333333,45.1333333333,45.4333333333,45.7333333333,45.9666666667,47.6,47.6858152894,47.8196525532,43.0528791247,38.8387615492,37.7556899238,36.59940054,35.805847723,35.4041775531,34.9016914503,32.1,32.4692230007,33.0284489463,33.1966430276,33.4075332028,32.5631601558,31.2551677603,31.1850355884,31.2194345693,31.3520537325,39.6,39.42775627,39.0694025989,39.0822182288,38.2622092124,41.2758357631,44.5930799495,45.2793988192,46.0172207092,46.9078564558,44.6,45.4141104294,46.2826274546,47.4751863269,48.3209231799,48.545624696,49.8578052447,50.6393246781,51.2817263255,44.0333333333,44.1,44.2338340977,44.7335393964,44.9659644421,45.0666176888,45.3670250043,45.6675470981,45.8987804561,45.8646798735,45.9305577687,44.7,40.4267514021,36.3620828541,35.1860282017,34.0105410785,33.2667270336,33.1148103023,32.80192118,32.9071463271,33.2752230302,38.5,37.2991673605,36.9738027532,38.1535286402,34.2724994968,33.9673714812,33.9978081496,34.752786144,35.0986278401,35.1192134679,42.4,42.2400404222,41.0871308398,45.0314358779,49.4820742271,50.5812946943,51.361924828,52.4073582673,53.8933163128,55.0283615724,43.9,44.9861262113,45.7060843005,45.9945592512,47.156788878,47.8116385137,48.3658546545
